id,title,description,availability,condition,price,link,image_link,brand
FAV-001,Rainbow Glass-Top Dining Set — 6 Chairs,"Tempered-glass top, easy to wipe clean 6 padded, fully upholstered chairs Chrome steel legs — stable and rust-resistant Great for homes, restaurants and lounges",in stock,new,12600.00 GHS,https://favisionenterprize.github.io/,https://favisionenterprize.github.io/assets/images/products/fav-001-1.jpg,F.A Vision Enterprise
FAV-002,Black Glass Dining Set — 6 High-Back Chairs,Black tempered-glass top 6 padded high-back chairs Wipe-clean leatherette Modern look for homes and offices,in stock,new,4900.00 GHS,https://favisionenterprize.github.io/,https://favisionenterprize.github.io/assets/images/products/fav-002-1.jpg,F.A Vision Enterprise
FAV-003,"Dining Set Collection — 5 Designs, 6 Chairs",5 designs in the showroom Seat 4 to 6 Glass and marble-effect tops Delivery and assembly in Accra,in stock,new,12600.00 GHS,https://favisionenterprize.github.io/,https://favisionenterprize.github.io/assets/images/products/fav-003-1.jpg,F.A Vision Enterprise
FAV-004,Red Glass Dining Set — 6 Chairs,Glossy red-brown glass top 6 curved high-back chairs Sturdy steel frame Stands out in any dining room,in stock,new,12600.00 GHS,https://favisionenterprize.github.io/,https://favisionenterprize.github.io/assets/images/products/fav-004-1.jpg,F.A Vision Enterprise
FAV-005,Foldable Wood-Grain Dining Set — 6 Chairs,Folds away to save space 6 cushioned chairs included Strong steel frame Perfect for apartments and events,in stock,new,11900.00 GHS,https://favisionenterprize.github.io/,https://favisionenterprize.github.io/assets/images/products/fav-005-1.jpg,F.A Vision Enterprise
FAV-006,"Executive Director Chair — Leather, High Back","High back with thick padding Gas-lift height adjustment, tilt and 360° swivel Chrome base with smooth castors Bulk prices for offices",in stock,new,9500.00 GHS,https://favisionenterprize.github.io/,https://favisionenterprize.github.io/assets/images/products/fav-006-1.jpg,F.A Vision Enterprise
FAV-007,Mesh Secretary Chair — Ergonomic Swivel,"Breathable mesh back with lumbar support Height adjustable, 360° swivel Blue or green seat Bulk discounts for offices and schools",in stock,new,9500.00 GHS,https://favisionenterprize.github.io/,https://favisionenterprize.github.io/assets/images/products/fav-007-1.jpg,F.A Vision Enterprise
FAV-008,1.2 m Office Desk with Drawer Unit,1.2 m work surface Detachable 3-drawer unit Flat-packed for easy delivery Ideal for home offices and workstations,in stock,new,4500.00 GHS,https://favisionenterprize.github.io/,https://favisionenterprize.github.io/assets/images/products/fav-008-1.jpg,F.A Vision Enterprise
FAV-009,White Dressing Table with Mirror & Stool,Arched mirror with side shelves Drawers plus storage cabinet Matching padded stool included Perfect for bedrooms and campus rooms,in stock,new,7450.00 GHS,https://favisionenterprize.github.io/,https://favisionenterprize.github.io/assets/images/products/fav-009-1.jpg,F.A Vision Enterprise
FAV-010,Wardrobe — 4-Door with Top Cabinets,4 doors plus top cabinets Hanging space and shelves Several colours and designs Delivered and assembled,in stock,new,9800.00 GHS,https://favisionenterprize.github.io/,https://favisionenterprize.github.io/assets/images/products/fav-010-1.jpg,F.A Vision Enterprise
FAV-011,L-Shaped Sectional Sofa — Grey Fabric,"Seats 5–6 comfortably Deep, high-density foam cushions Chaise end plus scatter pillows Wholesale prices for bulk orders",in stock,new,15500.00 GHS,https://favisionenterprize.github.io/,https://favisionenterprize.github.io/assets/images/products/fav-011-1.jpg,F.A Vision Enterprise
FAV-014,Student Desk Chair Set — Senior High to Tertiary Level,"Height-adjustable desk (73–88 cm) and chair (46–52 cm) Powder-coated carbon steel frame with MDF/melamine top Anti-slip floor caps — no sliding, less noise Suitable for SHS through university Bulk discount: GH₵ 640/set from 50 pieces",in stock,new,650.00 GHS,https://favisionenterprize.github.io/,https://favisionenterprize.github.io/assets/images/products/fav-014-muk5690f-1.jpg,F.A Vision Enterprise
FAV-015,L-Shaped Sofa Set — Fabric & Leather,"Modern L-shaped design Fabric & leather finish Seats the whole family Bulk prices for hotels, lounges & Airbnbs",in stock,new,5500.00 GHS,https://favisionenterprize.github.io/,https://favisionenterprize.github.io/assets/images/products/fav-015-mp-1.jpg,F.A Vision Enterprise
FAV-016,Luxury Leather Sofa Set,Premium leather Modern design that elevates your home Durable & cozy for everyday use Wholesale & bulk deals for resellers,in stock,new,8500.00 GHS,https://favisionenterprize.github.io/,https://favisionenterprize.github.io/assets/images/products/fav-016-mp-1.jpg,F.A Vision Enterprise
FAV-017,"Mesh Secretary Chair — Swivel, Arm Rests",Breathable mesh back 360° swivel with castor wheels Padded seat and arm rests Bulk prices for offices,in stock,new,4500.00 GHS,https://favisionenterprize.github.io/,https://favisionenterprize.github.io/assets/images/products/fav-017-mp-1.jpg,F.A Vision Enterprise
FAV-018,Strong Glass Centre Table,"Tempered glass top Strong, durable base Fits any living room",in stock,new,800.00 GHS,https://favisionenterprize.github.io/,https://favisionenterprize.github.io/assets/images/products/fav-018-mp-1.jpg,F.A Vision Enterprise
FAV-019,Auditorium / Conference Chair,"Stackable steel frame Padded seat and back Churches, schools, halls & events Buy 100, get 2 free or free delivery",in stock,new,405.00 GHS,https://favisionenterprize.github.io/,https://favisionenterprize.github.io/assets/images/products/fav-019-mp-1.jpg,F.A Vision Enterprise
FAV-020,Business Cards — 100 or 200 Pieces,100 pieces: GH₵50 200 pieces: GH₵100 Design included Printed at Omanjor,in stock,new,100.00 GHS,https://favisionenterprize.github.io/,https://favisionenterprize.github.io/assets/images/products/fav-020-mp-1.jpg,F.A Vision Enterprise
FAV-021,"A4 & A3 Copy Paper — Rotatrim, PaperOne, Double A","A4 & A3 sizes 70 / 75 / 80gsm Rotatrim, PaperOne, Double A, Chamex Wholesale & retail, fast delivery",in stock,new,450.00 GHS,https://favisionenterprize.github.io/,https://favisionenterprize.github.io/assets/images/products/fav-021-mp-1.jpg,F.A Vision Enterprise
FAV-022,"TCL 43"" Smart Android TV — Full HD (43S5400A)","43"" Full HD LED Android TV + Google Play Voice remote with Google Assistant Built-in Wi-Fi",in stock,new,6500.00 GHS,https://favisionenterprize.github.io/,https://favisionenterprize.github.io/assets/images/products/fav-022-mp-1.jpg,F.A Vision Enterprise
FAV-023,Sigma 1.5HP Split Air Conditioner (BREEZE-HY12SB),1.5HP split unit R410A refrigerant Energy-efficient cooling Delivery available,in stock,new,6500.00 GHS,https://favisionenterprize.github.io/,https://favisionenterprize.github.io/assets/images/products/fav-023-mp-1.jpg,F.A Vision Enterprise
FAV-024,"TWYFORD Water Closet — Two-Piece, Premium",High-quality ceramic Powerful straight-inlet flush Easy to clean Bulk discounts available,in stock,new,750.00 GHS,https://favisionenterprize.github.io/,https://favisionenterprize.github.io/assets/images/products/fav-024-mp-1.jpg,AGOODMANN VENTURES
FAV-025,Tiles & Finishes — Floor & Wall,Floor tiles (anti-skid) Wall tiles: glossy or matte Grout & adhesive Wholesale & retail,in stock,new,1000.00 GHS,https://favisionenterprize.github.io/,https://favisionenterprize.github.io/assets/images/products/fav-025-mp-1.jpg,AGOODMANN VENTURES
FAV-026,Kavukçu Wheat Flour — 50kg Baking Flour,"50kg professional pack Strong dough, reliable yield Bread, buns, doughnuts & pizza Made in Turkey, est. 1920",in stock,new,650.00 GHS,https://favisionenterprize.github.io/,https://favisionenterprize.github.io/assets/images/products/fav-026-mp-1.jpg,ANAC Essentials (formerly ANAC Ventures)
FAV-027,"3D Wallpaper — Brick, Stone & Pattern (per roll)","GH₵650 per roll Brick, stone & pattern designs Living rooms, offices, shops Rolls worked out free in AI Studio",in stock,new,650.00 GHS,https://favisionenterprize.github.io/,https://favisionenterprize.github.io/assets/images/products/fav-027-1.jpg,F.A Vision Enterprise
