product_id,product_name,channel,group_name,caption_variant,date_posted,renew_on,status,enquiries,sold,notes
FAV-001,Rainbow Glass-Top Dining Set — 6 Chairs,Marketplace,,,,,To post,,,
FAV-001,Rainbow Glass-Top Dining Set — 6 Chairs,Group,Example: Accra Buy and Sell,1,,,To post,,,
FAV-001,Rainbow Glass-Top Dining Set — 6 Chairs,Group,Example: Weija / Kasoa Buy and Sell,2,,,To post,,,
FAV-001,Rainbow Glass-Top Dining Set — 6 Chairs,Group,Example: Tema Market Place,3,,,To post,,,
FAV-002,Black Glass Dining Set — 6 High-Back Chairs,Marketplace,,,,,To post,,,
FAV-002,Black Glass Dining Set — 6 High-Back Chairs,Group,Example: Accra Buy and Sell,1,,,To post,,,
FAV-002,Black Glass Dining Set — 6 High-Back Chairs,Group,Example: Weija / Kasoa Buy and Sell,2,,,To post,,,
FAV-002,Black Glass Dining Set — 6 High-Back Chairs,Group,Example: Tema Market Place,3,,,To post,,,
FAV-003,"Dining Set Collection — 5 Designs, 6 Chairs",Marketplace,,,,,To post,,,
FAV-003,"Dining Set Collection — 5 Designs, 6 Chairs",Group,Example: Accra Buy and Sell,1,,,To post,,,
FAV-003,"Dining Set Collection — 5 Designs, 6 Chairs",Group,Example: Weija / Kasoa Buy and Sell,2,,,To post,,,
FAV-003,"Dining Set Collection — 5 Designs, 6 Chairs",Group,Example: Tema Market Place,3,,,To post,,,
FAV-004,Red Glass Dining Set — 6 Chairs,Marketplace,,,,,To post,,,
FAV-004,Red Glass Dining Set — 6 Chairs,Group,Example: Accra Buy and Sell,1,,,To post,,,
FAV-004,Red Glass Dining Set — 6 Chairs,Group,Example: Weija / Kasoa Buy and Sell,2,,,To post,,,
FAV-004,Red Glass Dining Set — 6 Chairs,Group,Example: Tema Market Place,3,,,To post,,,
FAV-005,Foldable Wood-Grain Dining Set — 6 Chairs,Marketplace,,,,,To post,,,
FAV-005,Foldable Wood-Grain Dining Set — 6 Chairs,Group,Example: Accra Buy and Sell,1,,,To post,,,
FAV-005,Foldable Wood-Grain Dining Set — 6 Chairs,Group,Example: Weija / Kasoa Buy and Sell,2,,,To post,,,
FAV-005,Foldable Wood-Grain Dining Set — 6 Chairs,Group,Example: Tema Market Place,3,,,To post,,,
FAV-006,"Executive Director Chair — Leather, High Back",Marketplace,,,,,To post,,,
FAV-006,"Executive Director Chair — Leather, High Back",Group,Example: Accra Buy and Sell,1,,,To post,,,
FAV-006,"Executive Director Chair — Leather, High Back",Group,Example: Weija / Kasoa Buy and Sell,2,,,To post,,,
FAV-006,"Executive Director Chair — Leather, High Back",Group,Example: Tema Market Place,3,,,To post,,,
FAV-007,Mesh Secretary Chair — Ergonomic Swivel,Marketplace,,,,,To post,,,
FAV-007,Mesh Secretary Chair — Ergonomic Swivel,Group,Example: Accra Buy and Sell,1,,,To post,,,
FAV-007,Mesh Secretary Chair — Ergonomic Swivel,Group,Example: Weija / Kasoa Buy and Sell,2,,,To post,,,
FAV-007,Mesh Secretary Chair — Ergonomic Swivel,Group,Example: Tema Market Place,3,,,To post,,,
FAV-008,1.2 m Office Desk with Drawer Unit,Marketplace,,,,,To post,,,
FAV-008,1.2 m Office Desk with Drawer Unit,Group,Example: Accra Buy and Sell,1,,,To post,,,
FAV-008,1.2 m Office Desk with Drawer Unit,Group,Example: Weija / Kasoa Buy and Sell,2,,,To post,,,
FAV-008,1.2 m Office Desk with Drawer Unit,Group,Example: Tema Market Place,3,,,To post,,,
FAV-009,White Dressing Table with Mirror & Stool,Marketplace,,,,,To post,,,
FAV-009,White Dressing Table with Mirror & Stool,Group,Example: Accra Buy and Sell,1,,,To post,,,
FAV-009,White Dressing Table with Mirror & Stool,Group,Example: Weija / Kasoa Buy and Sell,2,,,To post,,,
FAV-009,White Dressing Table with Mirror & Stool,Group,Example: Tema Market Place,3,,,To post,,,
FAV-010,Wardrobe — 4-Door with Top Cabinets,Marketplace,,,,,To post,,,
FAV-010,Wardrobe — 4-Door with Top Cabinets,Group,Example: Accra Buy and Sell,1,,,To post,,,
FAV-010,Wardrobe — 4-Door with Top Cabinets,Group,Example: Weija / Kasoa Buy and Sell,2,,,To post,,,
FAV-010,Wardrobe — 4-Door with Top Cabinets,Group,Example: Tema Market Place,3,,,To post,,,
FAV-011,L-Shaped Sectional Sofa — Grey Fabric,Marketplace,,,,,To post,,,
FAV-011,L-Shaped Sectional Sofa — Grey Fabric,Group,Example: Accra Buy and Sell,1,,,To post,,,
FAV-011,L-Shaped Sectional Sofa — Grey Fabric,Group,Example: Weija / Kasoa Buy and Sell,2,,,To post,,,
FAV-011,L-Shaped Sectional Sofa — Grey Fabric,Group,Example: Tema Market Place,3,,,To post,,,
FAV-014,Student Desk Chair Set — Senior High to Tertiary Level,Marketplace,,,,,To post,,,
FAV-014,Student Desk Chair Set — Senior High to Tertiary Level,Group,Example: Accra Buy and Sell,1,,,To post,,,
FAV-014,Student Desk Chair Set — Senior High to Tertiary Level,Group,Example: Weija / Kasoa Buy and Sell,2,,,To post,,,
FAV-014,Student Desk Chair Set — Senior High to Tertiary Level,Group,Example: Tema Market Place,3,,,To post,,,
FAV-015,L-Shaped Sofa Set — Fabric & Leather,Marketplace,,,,,To post,,,
FAV-015,L-Shaped Sofa Set — Fabric & Leather,Group,Example: Accra Buy and Sell,1,,,To post,,,
FAV-015,L-Shaped Sofa Set — Fabric & Leather,Group,Example: Weija / Kasoa Buy and Sell,2,,,To post,,,
FAV-015,L-Shaped Sofa Set — Fabric & Leather,Group,Example: Tema Market Place,3,,,To post,,,
FAV-016,Luxury Leather Sofa Set,Marketplace,,,,,To post,,,
FAV-016,Luxury Leather Sofa Set,Group,Example: Accra Buy and Sell,1,,,To post,,,
FAV-016,Luxury Leather Sofa Set,Group,Example: Weija / Kasoa Buy and Sell,2,,,To post,,,
FAV-016,Luxury Leather Sofa Set,Group,Example: Tema Market Place,3,,,To post,,,
FAV-017,"Mesh Secretary Chair — Swivel, Arm Rests",Marketplace,,,,,To post,,,
FAV-017,"Mesh Secretary Chair — Swivel, Arm Rests",Group,Example: Accra Buy and Sell,1,,,To post,,,
FAV-017,"Mesh Secretary Chair — Swivel, Arm Rests",Group,Example: Weija / Kasoa Buy and Sell,2,,,To post,,,
FAV-017,"Mesh Secretary Chair — Swivel, Arm Rests",Group,Example: Tema Market Place,3,,,To post,,,
FAV-018,Strong Glass Centre Table,Marketplace,,,,,To post,,,
FAV-018,Strong Glass Centre Table,Group,Example: Accra Buy and Sell,1,,,To post,,,
FAV-018,Strong Glass Centre Table,Group,Example: Weija / Kasoa Buy and Sell,2,,,To post,,,
FAV-018,Strong Glass Centre Table,Group,Example: Tema Market Place,3,,,To post,,,
FAV-019,Auditorium / Conference Chair,Marketplace,,,,,To post,,,
FAV-019,Auditorium / Conference Chair,Group,Example: Accra Buy and Sell,1,,,To post,,,
FAV-019,Auditorium / Conference Chair,Group,Example: Weija / Kasoa Buy and Sell,2,,,To post,,,
FAV-019,Auditorium / Conference Chair,Group,Example: Tema Market Place,3,,,To post,,,
FAV-020,Business Cards — 100 or 200 Pieces,Marketplace,,,,,To post,,,
FAV-020,Business Cards — 100 or 200 Pieces,Group,Example: Accra Buy and Sell,1,,,To post,,,
FAV-020,Business Cards — 100 or 200 Pieces,Group,Example: Weija / Kasoa Buy and Sell,2,,,To post,,,
FAV-020,Business Cards — 100 or 200 Pieces,Group,Example: Tema Market Place,3,,,To post,,,
FAV-021,"A4 & A3 Copy Paper — Rotatrim, PaperOne, Double A",Marketplace,,,,,To post,,,
FAV-021,"A4 & A3 Copy Paper — Rotatrim, PaperOne, Double A",Group,Example: Accra Buy and Sell,1,,,To post,,,
FAV-021,"A4 & A3 Copy Paper — Rotatrim, PaperOne, Double A",Group,Example: Weija / Kasoa Buy and Sell,2,,,To post,,,
FAV-021,"A4 & A3 Copy Paper — Rotatrim, PaperOne, Double A",Group,Example: Tema Market Place,3,,,To post,,,
FAV-022,"TCL 43"" Smart Android TV — Full HD (43S5400A)",Marketplace,,,,,To post,,,
FAV-022,"TCL 43"" Smart Android TV — Full HD (43S5400A)",Group,Example: Accra Buy and Sell,1,,,To post,,,
FAV-022,"TCL 43"" Smart Android TV — Full HD (43S5400A)",Group,Example: Weija / Kasoa Buy and Sell,2,,,To post,,,
FAV-022,"TCL 43"" Smart Android TV — Full HD (43S5400A)",Group,Example: Tema Market Place,3,,,To post,,,
FAV-023,Sigma 1.5HP Split Air Conditioner (BREEZE-HY12SB),Marketplace,,,,,To post,,,
FAV-023,Sigma 1.5HP Split Air Conditioner (BREEZE-HY12SB),Group,Example: Accra Buy and Sell,1,,,To post,,,
FAV-023,Sigma 1.5HP Split Air Conditioner (BREEZE-HY12SB),Group,Example: Weija / Kasoa Buy and Sell,2,,,To post,,,
FAV-023,Sigma 1.5HP Split Air Conditioner (BREEZE-HY12SB),Group,Example: Tema Market Place,3,,,To post,,,
FAV-024,"TWYFORD Water Closet — Two-Piece, Premium",Marketplace,,,,,To post,,,
FAV-024,"TWYFORD Water Closet — Two-Piece, Premium",Group,Example: Accra Buy and Sell,1,,,To post,,,
FAV-024,"TWYFORD Water Closet — Two-Piece, Premium",Group,Example: Weija / Kasoa Buy and Sell,2,,,To post,,,
FAV-024,"TWYFORD Water Closet — Two-Piece, Premium",Group,Example: Tema Market Place,3,,,To post,,,
FAV-025,Tiles & Finishes — Floor & Wall,Marketplace,,,,,To post,,,
FAV-025,Tiles & Finishes — Floor & Wall,Group,Example: Accra Buy and Sell,1,,,To post,,,
FAV-025,Tiles & Finishes — Floor & Wall,Group,Example: Weija / Kasoa Buy and Sell,2,,,To post,,,
FAV-025,Tiles & Finishes — Floor & Wall,Group,Example: Tema Market Place,3,,,To post,,,
FAV-026,Kavukçu Wheat Flour — 50kg Baking Flour,Marketplace,,,,,To post,,,
FAV-026,Kavukçu Wheat Flour — 50kg Baking Flour,Group,Example: Accra Buy and Sell,1,,,To post,,,
FAV-026,Kavukçu Wheat Flour — 50kg Baking Flour,Group,Example: Weija / Kasoa Buy and Sell,2,,,To post,,,
FAV-026,Kavukçu Wheat Flour — 50kg Baking Flour,Group,Example: Tema Market Place,3,,,To post,,,
FAV-027,"3D Wallpaper — Brick, Stone & Pattern (per roll)",Marketplace,,,,,To post,,,
FAV-027,"3D Wallpaper — Brick, Stone & Pattern (per roll)",Group,Example: Accra Buy and Sell,1,,,To post,,,
FAV-027,"3D Wallpaper — Brick, Stone & Pattern (per roll)",Group,Example: Weija / Kasoa Buy and Sell,2,,,To post,,,
FAV-027,"3D Wallpaper — Brick, Stone & Pattern (per roll)",Group,Example: Tema Market Place,3,,,To post,,,
